russian_words,german_words
начинать(ся),beginnen
начинать,anfangen
появляться,erscheinen
становиться,werden
готовить(ся),(sich) forbereiten ... auf / für Akk.
опаздывать,sich verspäten
продолжать,fortsetzen
длиться,dauern
занимать (время),in Anspruch nehmen
задерживать,verzögern / verspäten
откладывать,verschieben
повторять,wiederholen
возобновлять,wiederaufnehmen
завершать,"beenden, abschließen, vollenden"
прерывать,"unterbrechen, abbrechen"
приостанавливать,anhalten
переставать,aufhören
прекращать,einstellen
двигать(ся),(sich) bewegen
останавливать(ся),"stehenbleiben, anhalten"
скользить,"gleiten, rutschen"
катить(ся),rollen
поворачивать(ся),"wenden, sich drehen"
сгибать/поворачивать,biegen
"махать, кивнуть",winken
трясти(сь),(sich) schütteln
раскачиваться,"(sich) schwingen, schaukeln"
вращаться,sich drehen
кататься на лыжах,Schi laufen
кататься на коньках,Schlittschuh laufen
поднимать,"heben, hochheben"
взбираться,klettern
"восходить, подниматься","steigen, besteigen, hinaufgehen"
опускать,senken
опускаться,sinken
падать,"stürzen, (sich) fallen"
спускаться,absteigen
спешить,eilen
лететь,fliegen
скакать,reiten
ехать,fahren
бежать,"laufen, rennen"
ползти,kriechen
идти,gehen
гулять,spazieren
ускорять,beschleunigen
тормозить,bremsen
замедлять,ferlangsamen
преследовать,verfolgen
гнать,"jagen, treiben"
догонять,einholen
перегонять,überholen
схватить,"festnehmen, packen"
убежать,entflihen
спасаться бегством,fliehen
избегать,"ausweichen, vermeiden"
отправляться,sich begeben nach D (auf A)
отправляться в путь,sich auf den Weg machen
покидать,verlassen
отъезжать,abfahren
выходить,hinausgehen
продвигаться,sich fortbewegen
встречать(ся),"begegnen, treffen"
следовать,folgen
идти (вдоль),gehen (entlang)
пересекать,überqueren
наталкиваться,stoßen
проходить мимо,vorbeigehen
повернуть,"biegen (nach links, nach rechts)"
прибывать,ankommen
приходить,kommen
достигать,erreichen
возвращаться,"zurückkommen, zurückkehren"
входить,"eintreten, betreten"
течь,fließen
плавать,schwimmen
грести,rudern
идти под парусом,segeln
нырять,"tauchen, untertauchen"
погружаться,sinken
тонуть,ertrinken
всплывать,auftauchen
существовать,existieren
имеется,es gibt
быть,sein
присутствовать,"anwesend sein, beiwohnen"
быть в наличии,vorhanden sein
владеть,besitzen
иметь,haben
быть достаточным,"ausreichen, genügen"
принадлежать,gehören
содержать,enthalten
включать,einschließen
нуждаться,"brauchen, benötigen"
требовать,"verlangen, erfordern"
быть необходимым,notwendig sein
не хватать,"mangeln D, knapp sein"
отсутствовать,"fehlen D, abwesend sein"
опорожнять,entleeren
быть пустым,leer sein
собирать,sammeln
добавлять,zufügen
наполнять,füllen
быть полным,voll sein
накапливать,"speichern, ansammeln"
быть в избытке,"überflüssig sein, überschüssig sein"
сокращать,"reduzieren, kürzen"
исключать,ausschließen
устранять,beseitigen
терять,verlieren
обходить(ся),auskommen (ohne A)
потреблять,verbrauchen
портить,verderben
повреждать,beschädigen
тратить зря,verschwenden
оставаться,übrig bleiben
поддерживать,aufrechterhalten
сохранять,"erhalten, bewahren"
"сохранять за собой, удерживать",behalten
хранить,aufbewahren
помещать,unterbringen
класть,legen
находиться,"sich befinden, liegen"
лежать,liegen
"висеть, вешать",hängen
стоять,stehen
ставить,stellen
ложиться,sich liegen
вставать,aufstehen
сидеть,sitzen
посадить,setzen
садиться,"sich setzen, Platz nehmen"
рожать,gebären
родить,zur Welt bringen
родиться,geboren sein
жить,leben
дышать,atmen
называть,nennen
называться,heißen
жениться,heiraten
проживать,wohnen
работать,arbeiten
поступать на работу,Arbeit nehmen
принимать на работу,einstellen
увольнять,entlassen
зарабатывать,verdienen
платить,zahlen
тратить,ausgeben
экономить,sparen
быть бережливым,sparsam sein
отдыхать,sich erholen
есть,essen
быть голодным,"hungrig sein, Hunger haben"
кормить,essen geben
кусать,beißen
жевать,kauen
глотать,"verschlingen, schlucken"
пить,trinken
готовить (пищу),kochen
печь,backen
жарить,braten
"кипятить, кипеть ","sieden, kochen"
"тушить (овощи, мясо)",schmoren
носить (одежду),"tragen, anhaben"
одеваться,"sich kleiden, sich anziehen"
надевать,anziehen
снимать,"ausziehen, ablegen"
стирать (одежду),waschen
гладить (одежду),bügeln
заказывать,bestellen
шить,hähen
кроить,zuschneiden
хорошо сидеть (об одежде),"sitzen, passen"
идти (об одежде),gut stehen
быть в моде,Mode sein
выйти из моды,"aus der Mode kommen, nicht mehr Mode sein"
спать,schlafen
уснуть,einschlafen
ложиться спать,zu Bett gehen
будить,wecken
просыпаться,erwachen
вставать,aufstehen
умываться,sich waschen
чистить зубы,Zähne putzen
причесываться,sich kämmen
вытираться,sich abtrocken
бриться,sich rasieren
краситься (макияж),"sich schminken, sich tuschen"
делать прическу,sich frisieren lassen
делать завивку,die Haare wellen lassen
болеть,krank sein
"причинять боль, болеть","schmerzen, weh tun"
простудиться,sich erkälten
кашлять,husten
чихать,niesen
выздоравливать,"genesen, gesund machen"
лечить,ärztlich behandeln
исцелять,"heilen, gesund werden"
"заживать, заживлять",heilen
слабеть,schwach werden
умирать,sterben
хоронить,beerdigen
любить,"gern haben, lieben"
влюбиться,sich verlieben
нравиться,gefallen
"хотеть, желать",wollen
предпочитать,vorziehen
уважать,achten
ценить,schätzen
хвалить,loben
восхищаться,bewundern
обожать,"anbeten, schwärmen von D (für A)"
ненавидеть,hassen
презирать,verachten
не обращать внимания,missachten
ссориться,"sich streiten um A, sich zanken mit D"
бранить,"schimpfen (auf, über A, mit D)"
упрекать,vorwerfen
обвинять,anschuldigen
завидовать,beneiden
недооценивать,unterschätzen
страдать,"leiden (an D, unter D, durch A)"
терпеть,ertragen
вынести,aushalten
выстоять,ausstehen
сдаваться,sich ergeben
капитулировать,kapitulieren
жаловаться,klagen über A
плакать,weinen über A
беспокоиться,besorgt sein
утешить,trösten
успокоиться,sich beruhigen
смеяться,lachen
улыбаться,lächeln (über)
радоваться,"sich freuen (über A, auf A)"
наслаждаться,geniesen
гордиться,stolz sein (auf A)
хвастаться,prahlen (mit D)
зазнаваться,wichtig tun
быть наглым,frech sein
"быть дерзким, нахальным",grob sein
быть скромным,bescheiden sein
робеть,schüchtern sein
льстить,schmeicheln
надеяться,hoffen (auf A)
верить,glauben 
полагаться,verlassen sich (auf)
быть уверенным,sicher sein
сомневаться,zweifeln (an D)
колебаться,schwanken
подозревать,unter Verdacht haben
заботиться,sorgen für A
стараться делать все возможное,"sein Mögliches tun (sich), Mühe geben"
лениться,faulenzen
"не заботиться, забросить",vernachlässigen
увиливать,sich drüken (vor D)
"уставать, быть уставшим","müde sein (von D), müde werden"
возбуждать,erregen
волновать,beunruhigen
глубоко тронуть,tief berühren
пугать,erschrecken
бояться,sich fürchten (vor D)
удивлять,"überraschen, verwundern, wundern"
обижать,kränken
оскорблять,beleidigen
ранить,verletzen
быть сердитым,böse sein
свирепствовать,wüten
чувствовать,"fühlen, empfinden"
видеть,sehen
слышать,hören
слушать,zuhören
"следить, наблюдать","beobachten, betrachten"
смотреть,gucken
различать,unterscheiden (von D)
узнавать,erkennen
представлять себе,sich (D) vorstellen
изучать,"erlernen, studieren"
заучивать,"einprägen, pauken"
учить наизусть,auswendig lernen
понимать,verstehen
обучать,"unterrichten (in D, an D), lehren"
объяснять,erklären
знать,"wissen, kennen"
помнить,"sich erinnern (an A), im Kopf behalten"
означать,bedeuten
забывать,vergessen
делать ошибку,Fehler machen
"ошибаться, заблуждаться","sich irren (in D), sich täuschen (in D)"
проверять,prüfen
исправлять,"verbessern, korrigieren"
читать,lesen
писать,schreiben
считать,zählen
прибавлять,"addieren, zufügen"
вычитать,abziehen
умножать,multiplizieren (mit D)
делить,dividieren (durch A)
вычислять,rechnen
выражать,ausdrücken
описывать,beschreiben
рассказывать,erzählen
перессказать,wiedergeben
переводить,übersetzen
работать,arbeiten
делать,"machen, tun, leisten"
выполнять,"ausführen, erfüllen, erledigen"
проводить,durchführen
изготовлять,herstellen
производить,fertigen
организовать,organisieren
готовить,vorbereiten
ремонтировать,"reparieren, renovieren"
настраивать,"einrichten, einstellen"
проверять,prüfen
испытывать,"erproben, testen"
заменять,ersetzen
собирать,zusammenbauen
разбирать,auseinander nehmen
использовать,"benutzen, ausnutzen"
применять,"verwenden, anwenden"
"действовать, функционировать",funktionsfähig sein
"не работать, не функционировать",außer Betrieb sein
быть исправным,intakt sein
брать,nehmen
хватать,"greifen (nach, zu D), packen"
держать,halten
касаться,berühren
бросать,werfen
швырять,schmeißen
ронять,fallen lassen
разбрасывать,streuen
поднять,aufheben
тянуть,ziehen
толкать,stoßen
нажимать,drücken
присоединять,anschließen
соединять,verbinden
закреплять,befestigen
завязывать,binden
привязывать,anbinden
привинчивать,anschrauben
приклеить,ankleben
приварить,anschweißen
прибить гвоздем,annageln
отсоединять,trennen
отвязать,"lösen, loslösen"
закрывать,"schließen, zumachen"
накрывать,decken
запирать,"abschließen, verschließen"
завернуть,"einwickeln, einhüllen"
открывать,"öffnen, aufmachen"
прятать,verstecken
"убирать, уносить",räumen
искать,suchen (nach D)
находить,finden
ломать,brechen
разрушать,"vernichten, zerschlagen, zerstören"
резать,schneiden
пилить,sägen
раскалывать,spalten
шлифовать,schleifen
рвать,reißen
скрести,schaben
царапать,kratzen
тереть,reiben
измельчать,zerkleinern
раздавить,quetschen
лить,gießen
"проливать, просыпать",verschütten
поливать,begießen
смачивать,"nass machen, benetzen"
мыть,waschen
сушить,trocknen
растворять,lösen
разбавлять,verdünnen
смешивать,vermischen
фильтровать,filtern
отжимать,wringen
вытирать,abwischen
высохнуть,trocken werden
говорить,sprechen
сказать,sagen
произносить,aussprechen
шептать,flüstern
кричать,"schreien, rufen"
заикаться,stottern
молчать,schweigen
обращаться,sich wenden
беседовать,"sich unterhalten (mit D), plaudern"
информировать,informieren
заявлять,erklären
умалчивать,verschweigen
объявлять,bekannt geben
спрашивать,fragen (nach D)
просить,bitten (um A)
требовать,"verlangen, fordern"
приказывать,"befehlen (D), verordnen"
рекомендовать,empfehlen
намекать,"andeuten, anspielen"
подчеркивать,"betonen, unterstreichen"
отвечать,antworten (auf A)
показывать (2 слова),"zeigen, vorführen"
советовать,"raten, empfehlen"
предлагать,"vorschlagen, anbieten"
предупреждать,warnen
запрещать,verbieten
разрешать,erlauben
помогать,helfen
"способствовать, вносить вклад","beitragen (zu D), fördern"
принимать,annehmen
получать,"bekommen, erhalten"
брать взаймы,"leihen, borgen"
арендовать,mieten
давать напрокат,verleihen
покупать,kaufen
воровать,stehlen
отбирать,wegnehmen
забрать обратно,zurücknehmen
предлагать,anbieten
отвергать,"ablehnen, zurückweisen"
снабжать,versorgen (mit D)
дарить,schenken (D)
продавать,verkaufen
подкупать,"bestechen, schmieren"
уступать,abtreten
возвращать,zurückgeben
приглашать,einladen
звать,rufen
ждать,warten (auf A)
принимать (гостей),empfangen
тепло встречать,willkommen heißen
пожать руку,die Hand drücken
посещать,besuchen
представлять (кого-то кому-то),vorstellen
приветствовать,begrüßen
знакомиться,kennen lernen
быть знакомым,bekannt sein
извиняться,sich entschuldigen (bei j-m für A)
извинять,entschuldigen
прощать,verzeichen
поздравлять,gratulieren (zu D)
прощаться,sich verabschieden (von D)
благодарить,danken (für A)
"уходить (из гостей), прощаться",Abschied nehmen
провожать домой,nach Hause begleiten
обнимать,unarmen
целовать,küssen
"мешать, беспокоить","stören, belästigen, beunruhigen"
оскорблять,beleidigen
обижать,kränken
клеветать,verleumden
лгать,lügen
причинять ущерб,Schaden zufügen (D)
"думать, полагать",glauben
"рассуждать, обдумывать",überlegen
решать(ся),entscheiden
быть правдивым,stimmen
иметь в виду,meinen
рисовать,zeichnen
"обдумывать, размышлять",nachdenken
задавать вопросы,stellen die Fragen
"опознавать, узнавать",erkennen
выглядеть,aussehen
взглянуть,ansehen
"замечать, чувствовать",merken
"смотреть, глядеть",(an)schauen
"следить, наблюдать",aufpassen
сравнивать,vergleichen
показывать,zeigen
исчезнуть,weg sein
привлекать,locken
красный,rot
оранжевый,orangefarben
желтый,gelb
зеленый,grün
синий,blau
фиолетовый,violett
черный,schwarz
коричневый,braun
серый,grau
белый,weiß
темный,dunkel
светлый,hell
бесцветный,farblos
прозрачный,durchsichtig
непрозрачный,undurchsichtig
яркий,grell
пестрый,bunt
блестящий,glänzend
бледный,blass
неясный,undeutlich
отчетливый,deutlich
большой,groß
огромный,riesig
широкий,"breit, weit"
толстый,dick
длинный,lang
высокий,hoch
глубокий,tief
маленький,klein
узкий,"schmal, eng"
тонкий,"dünn, schmal"
короткий,kurz
"мелкий, тонкий",fein
мелкий (неглубокий),seicht
низкий,"niedrig, tief"
среднего размера,mittelgroß
далекий,"fern, weit"
близкий,nah
плоский,"flach, eben"
выпуклый,"gewölbt, konvex"
"впалый, вогнутый","eingefallen, konkav"
прямой,gerade
кривой,krumm
вертикальный,senkrecht
горизонтальный,waagerecht
наклонный,schief
округлый,rund
квадратный,quadratisch
овальный,oval
треугольный,dreieckig
прямоугольный,rechteckig
сферический,kugelförmig
цилиндрический,zylindrisch
конический,kegelförmig
кубовидный,würfelförmig
горячий,heiß
теплый,warm
холодный,kalt
прохладный,kühl
свежий,frisch
ровный,eben
гладкий,glatt
шероховатый,rauh
неровный,uneben
твердый,"hart, fest"
мягкий,weich
острый,scharf
тупой,stumpf
сухой,trocken
мокрый,nass
влажный,feucht
вкусный,schmackhaft
безвкусный,geschmacklos
сладкий,süß
кислый,sauer
соленый,salzig
горький,bitter
"крепкий, насыщенный",stark
"острый, едкий",scharf
громкий,laut
шумный,"lärmend, geräuschvoll"
резкий,scharf
тихий,"leise, ruhig"
еле слышный,kaum hörbar
приятный,angenehm
тихий,still
приглушенный,"gedämpft, dumpf"
глухой (о человеке),taub
немой,stumm
неприятно пахнущий,übel riechend
неприятный,unangenehm
ароматный,aromatisch
душистый,wohlriechend
специфический (о запахе),eingenartig
без запаха,geruchlos
Через страдания умнеешь (посл.),Durch Schaden wird man klug
"Слово - серебро, молчание - золото","Reden ist Silber, Schweigen ist Gold"
Выбор порождает мучения (посл.),"Wer die Wahl hat, hat die Qual"
Время - деньги,Zeit ist Geld
"Не все то золото, что блестит","Es ist nicht alles Gold, was glänzt"
У страха глаза велики,Die Furcht hat große Augen
У стен есть уши,Die Wände haben Ohren
"Кто рано встает, тому бог дает",Morgenstunde hat Gold im Munde
спорить,wetten
"долгий, длительный","lang, langwierig"
короткий,kurz
быстрый,"schnell, rasch"
стремительный,rapid
срочный,eilig
медленный,langsam
ранний,früh
поздний,spät
молодой,jung
взрослый,erwachsen
старый,alt
пожилой,bejahrt
новый,neu
прошлый,vergangen
недавний,jüngst
устаревший,"veraltet, überholt"
древний,"alt, steinalt"
текущий (настоящий),"gegenwärtig, jetzig"
современный,"modern, heutig"
будущий,zukünftig
предыдущий,vorhergehend
предшествующий,vorig
предварительный,vorläufig
одновременный,gleichzeitig
следующий,"nächst, folgend"
первый,der erste
последний,der letzte
начальный,Anfangs-
конечный,"Schluss-, End-, endlich-"
постоянный,ständig
временный,"provisorisch, zeitweilig"
вечный,ewig
непрерывный,ununterbrochen
длительный,dauernd
периодический,periodisch
редкий,selten
частый,häufig
обычный,gewöhnlich
случайный,zufällig
внезапный,plötzlich
постепенный,allmählich
одаренный,begabt
способный,fähig
талантливый,talentiert
гениальный,genial
умный,klug
находчивый,"findig, schlagfertig"
мудрый,weise
хитрый,schlau
остроумный,"scharfsinnig, witzig"
эрудированный,belesen
глупый,"dumm, blöd, doof"
тупой,"stumpfsinnig, borniert"
наивный,naiv
не знающий,unwissend
посредственный,durchschnittlich
посредственный (2),mittelmäßig
сумасшедший,"wahnsinnig, verrückt"
прилежный,fleißig
усердный,eifrig
ленивый,faul
аккуратный,"ordentlich, sorgfältig"
точный,"genau, pünktlich"
тщательный,sorgfältig
небрежный,nachlässig
внимательный,aufmerksam
невнимательный,unaufmerksam
рассеянный,zerstreut
деятельный,wach
опытный,erfahren
высококвалифицированный,hoch qualifiziert
неопытный,unerfahren
умелый,geübt
ловкий,"geschickt, gewandt"
неуклюжий,"plump, ungefüge"
неумелый,"ungeübt, ungeschickt"
Это доставляет мне удовольствие,Das macht mir Spaß
приятный на вкус,lecker
расти,wachsen
обещать,versprechen
"быть должным, задолжать",schulden
жертвовать,spenden
сообщать,berichten (über)
преодолевать,überwinden
упражняться,üben
"ухаживать, холить (за цветами напр.)",pflegen
бегать трусцой,joggen
чувствительный,feinfühlig
"чуткий, восприимчивый",empfindlich
сентиментальный,"sentimental, rührselig"
черствый,hartherzig
безразличный,gleichgültig
раздражительный,"reizbar, leicht aufgebracht"
спокойный,ruhig
безмятежный,friedlich
нервный,nervös
строгий,streng
счастливый,glücklich
"везучий, успешный",erfolgreich
несчастливый,unglücklich
радостный,"freudig, fröhlich"
веселый,lustig
довольный,zufrieden
удовлетворенный,befriedigt
в хорошем настроении,gut gelaunt
оптимистичный,optimistisch
печальный,traurig
огорченный,betrübt
расстроенный,verstimmt
в плохом настроении,schlecht gelaunt
пессимистичный,pessimistisch
горестный,kummervoll
восторженный,begeisterter
хороший,gut
приятный,angenehm
интересный,interessant
чудесный,wunderbar
отличный,ausgezeichnet
превосходный,herrlich
великолепный,"vorzüglich, vortrefflich"
совершенный,perfect
удивительный (3 слова),"merkwürdig, bewundernswert, erstaunlich"
волнующий,"aufregend, bewegend"
трогательный,"rührsam, rührend"
странный,"seltsam, sonderbar"
шокирующий,schockierend
плохой,schlecht
скучный,langweilig
надоедливый,lästig
тревожащий,beunruhigend
неприятный,"unangenehm, peinlich, ärgerlich"
оскорбительный,"beleidigend, kränkend"
ужасный,"schrecklich, entsetzlich, furchtbar"
опасный,gefährlich
красивый,schön
милый,nett
привлекательный,"attraktiv, anziehend, reizvoll, reizend"
симпатичный,sympathisch
безобразный,hässlich
непривлекательный,reizlos
отталкивающий,abscheulich
отвратительный,"widrig, widerlich"
страшный,"schrecklich, furchtbar"
увлекательный,"spannend, entspannend"
взволнованный,"aufgeregt, erregt"
растроганный,gerührt
испуганный,erschrocken
боязливый,"ängstlich, furchtsam"
удивленный,"erstaunt, überrascht, verwundert"
сердитый,"böse, zornig, aufgebracht"
обиженный,gekränkt
оскорбленный,beleidigt
униженный,gedemütigt
впечатляющий,beeindruckend
здоровый,gesund
"крепкий, сильный","robust, kräftig"
сильный,stark
энергичный,energisch
бодрый,munter
больной,"krank, ungesund"
слабый,schwach
сонный,schläfrig
усталый,müde
жирный / толстый,dick / beleibt
худощавый,"mager, hager"
стройный,schlank
исхудалый,"abgemagert, abgezehrt"
богатый,reich
состоятельный,wohlhabend
хорошо одетый,gut angezogen
плохо одетый,"schlecht angezogen, schäbig"
сытый,satt
голодный,hungrig
испытывающий жажду,durstig
голый,nackt
босой,barfüßig
обеспеченный,versorgt
молодой,jung
взрослый,erwachsen
зрелый,reif
холостой,"unverheiratet, ledig"
"женатый, замужем",verheiratet
разведенный,geschieden
беременная,schwanger
совершеннолетний,"volljährig, mündig"
мужской,männlich
женский,weiblich
удобный,"bequem, günstig, geeignet"
неудобный,"unbequem, ungünstig, ungeeignet"
готовый,fertig
завершенный,"abgeschlossen, vollendet"
исправный,intakt
в рабочем состоянии,funktionsfähig
"незавершенный, неполный",unvollendet
поврежденный,beschädigt
испорченный,verdorben
приготовленный (о пище),gekocht
жаренный,gebraten
печеный,gebacken
сырой (невареный),roh
упакованный,verpackt
"свободный, не занятый","frei, unbesetzt"
занятый (о месте),besetzt
занятый (чем-либо),beschäftigt
чистый,sauber
грязный,"schmutzig, unsauber"
трудный,"schwierig, kompliziert"
легкий,"leicht, mühelos, sachte"
небо,der Himmel(s)
воздух,die Luft(=)
облако,die Wolke(n)
солнце,die Sonne(=)
звезда,"der Stern(es,-e)"
луна,der Mond(es)
планета,der Planet(en)
земля,die Erde(=)
почва,die Boden(s)
суша,das Land(es)
континент,"der Kontinent(es,-e)"
полуостров,die Halbinsel(n)
остров,die Insel(n)
берег,das Ufer(s)
морское побережье,die Küste(n)
пляж,"der Strand(es, Strände)"
вода,"das Wasser(s, Wässer)"
море,"das Meer(es,-e), die See(=)"
океан,"der Ozean(s,-e)"
залив,"der Meerbusen(-s), die Bucht(-en)"
пролив,die Meerenge(-n)
река,"der Fluss(-es, Flüsse)"
озеро,"der See(-s,-n)"
болото,"der Sumpf(-es, Sümpfe)"
пруд,"der Teich(es, -e)"
лужа,"die Pfütze(n), die Lache(-n)"
ручей,"der Bach(es), Bäche"
"исток, источник",die Quelle(n)
приток,"der Nebenfluss(es, Nebenflüsse)"
устье,die Mündung(en)
течение,"die Strömung(en), der Strom(es, Ströme)"
волна,die Welle(n)
водопад,"der Wasserfall(es, Waaserfälle)"
положение,die Lage(n)
"место, положение","der Ort(es, -e), die Stelle(n)"
направление,die Richtung(en)
цель,"das Ziel(es, -e)"
север,der Norden(s)
юг,der Süden(s)
восток,der Osten(s)
запад,der Westen(s)
карта,die Karte(n)
компас,"der Kompass(es, -e)"
зона,die Zone(n)
лес,"der Wald(es, Wälder)"
луг,die Wiese(n)
степь,die Steppe(n)
пустыня,die Wüste(n)
"гора, горы","der Berg(es,-e), das Gebirge(s)"
холм,der Hügel(s)
склон,"der Hang(es, Hänge)"
подножье,"der Fuß(es, Füße)"
вершина,der Gipfel(s)
пик,die Spitze(n)
равнина,die Ebene(n)
поле,"das Feld(es, -er)"
долина,"das Tal(s, Täler)"
низменность,die Niederung(en)
рельеф,das Relief(s)
сезон,die Jahreszeit(en)
зима,der Winter(s)
весна,"der Frühling(s,-e)"
лето,der Sommer(s)
осень,"der Herbst(es, -e)"
климат,"das Klima(s, Klimate)"
погода,das Wetter(s)
метеорология,"die Meteorologie(=), die Wetterkunde(=)"
температура,die Temperatur(en)
давление,der Druck(es)
термометр,das Thermometer(s)
барометр,das Barometer(s)
гроза,das Gewitter(s)
гром,das Donner(s)
молния,"der Blitz(es, -e)"
ветер,"der Wind(es, -e)"
ураган,"der Orkan(es, -e)"
солнечный свет,das Sonnenlicht(es)
луч,"der Strahl(en, -s)"
темнота,die Dunkelheit(=)
радуга,der Regenbogen(s)
буря,"der Sturm(s, Stürme)"
осадки,die Niederschläge (pl)
дождь,der Regen(s)
капля,der Tropfen(s)
туман,der Nebel(s)
пар,"der Dampf(es, Dämpfe)"
роса,der Tau(es)
лед,das Eis(es)
снег,der Schnee(es)
иней,der Reif(es)
снежинка,die Schneeflocke(n)
стихийное бедствие,die Naturkatastrophe(n)
катастрофа,die Katastrophe(n)
землетрясение,das Erdbeben(s)
землятрясение,das Erdbeben(s)
извержение,die Eruption(en)
эпицентр,"das Epizentrum(s, ..en)"
вулкан,"der Vulkan(s, -e)"
наводнение,die überschwemmung(en)
пожар,"der Brand(es, Brände)"
разрушение,die Zerstörung(en)
ущерб,"die Schaden(s, Schäden)"
загразнение,die Verschmutzung(en)
окружающая среда,die Umwelt(=)
защита окружающей среды,der Umweltschutz(es)
размер,"die Größe(n), die Abmessung(en)"
единица измерения,die Maßeinheit(en)
метр,das Meter(s)
сантиметр,das Zentimeter(s)
линейка,das Lineal
рулетка,"das Messband(es, ..bänder)"
длина,die Länge(n)
высота,die Höhe(n)
ширина,die Breite(n)
глубина,die Tiefe(n)
толщина,die Stärke(n)
форма,die Form(en)
тело,der Körper(s)
объем,"der Umfang(s, ...fänge)"
шар,die Kugel(n)
цилиндр,der Zylinder(s)
конус,der Kegel(s)
куб,der Würfel(s)
пирамида,die Pyramide(n)
призма,das Prisma(s)
плоскость,die Ebene
фигура,die Figur(en)
поверхность,die Oberfläche(n)
площадь,die Fläche(n)
круг,"der Kreis(es, -e)"
многоугольник,"das Vieleck(s, -e)"
треугольник,"das Dreieck(s, -e)"
четырехугольник,"das Viereck(s, -e)"
квадрат,"das Quadrat(es, -e)"
прямоугольник,"das Rechteck(es, -e)"
ромб,die Raute(n)
поперечное сечение,"der Querschnitt(es, -e)"
линия,die Linie(n)
прямая линия,die Gerade(n)
полоса,der Streifen(es)
ряд,die Reihe(n)
ось,die Achse(n)
уровень,"das Niveau(s), der Stand(es, Stände)"
предел,die Grenze(n)
точка,"der Punkt(es, -e)"
радиус,der Radius(Radien)
диаметр,der Durchmesser(s)
структура,die Struktur(en)
целое,das Ganze(n)
часть,"der(das) Teil(s, -e)"
основание,die Grundlage(n)
дно,"der Boden(s, Böden)"
внешняя часть,"der Oberteil(s, -e)"
внутренняя часть,das Innere(n)
сторона,die Seite(n)
фасад,"die Fassade(n), die Vorderseite(n)"
тыл,der Rücken(s)
задняя часть,"die Hinterseite(n), die Rückseite(n)"
устройство,"der Aufbau(es, -en)"
середина,die Mitte(n)
секунда,die Sekunde(n)
минута,die Minute(n)
час,die Stunde(n)
день,"der Tag(es, -e)"
сутки,"24 Stunden (pl), Tag und Nacht"
неделя,die Woche(n)
месяц,"der Monat(es, -e)"
год,"das Jahr(es, -e)"
десятилетие,"das Jahrzehnt(es, -e)"
"столетие, век","das Jahrhundert(s, -e)"
тысячелетие,"das Jahrtausend(s, -e)"
эпоха,die Epoche(n)
вечность,die Ewigkeit
календарь,der Kalender(s)
часы,die Uhr(en)
будильник,der Wecker(s)
миг,"der Augenblick(s, -e)"
некоторое время,die Weile(n)
январь,der Januar(s)
февраль,der Februar(s)
март,der März(s)
апрель,der April(s)
май,der Mai(s)
июнь,der Juni(s)
июль,der Juli(s)
август,der August(s)
Cентябрь,der September(s)
сентябрь,der September(s)
октябрь,der Oktober(s)
ноябрь,der November(s)
декабрь,der Dezember(s)
понедельник,"der Montag(s, -e)"
вторник,"der Dienstag(s, -e)"
среда,"der Mittwoch(s, -e)"
четверг,"der Donnerstag(s, -e)"
пятница,"der Freitag(s, -e)"
суббота,"der Samstag(s, -e), der Sonnabend(s, -e)"
воскресенье,"der Sonntag(s, -e)"
прошлое,die Vergangenheit(=)
настоящее,die Gegenwart(=)
будущее,die Zukunft(=)
начало,"der Beginn(s), der Anfang(s)"
конец,"das Ende(s, -n)"
продолжение,die Fortsetzung(en)
утро,der Morgen(s)
рассвет,das Morgengrauen(s)
утренняя заря,das Morgenrot(s)
восход солнца,"der Sonnenaufgang(es, gänge)"
время до обеда,"der Vormittag(es, -e)"
полдень,"der Mittag(es, -e)"
время после обеда,"der Nachmittag(es, -e)"
вечер,"der Abend(es, -e)"
закат,"der Sonnenuntergang(es, gänge)"
ночь,die Nacht (Nächte)
сумерки,die Dämmerung(en)
рабочее время,die Arbeitszeit(en)
расписание,"der Zeitplan(es, pläne)"
назначенное время,die festgesetzte Zeit(en)
отсрочка,die Verschiebung(en)
задержка,"die Verspätung(en), die Verzögerung(en)"
перерыв,die Pause(en)
отдых,die Erholung(=)
срок,"der Termin(es, -e)"
продолжительность,die Dauer
период,die Periode(n)
срочность,die Dringlichkeit(=)
отрезок времени,die Zeitpanne(n)
раз,"das Mal(es, -e)"
конец рабочего дня,"der Feierabend(es, -e)"
праздник,"das Fest(es, -e), die Feier(n), der Feiertag(es,-e)"
юбилей,"das Jubiläum(s, Jubiläen)"
день рождения,"der Geburtstag (es, -e)"
свободное время,die Freizeit
каникулы,die Ferien (pl)
отпуск,"der Urlaub(es, -e)"
конец недели,"das Wochenende(s, -n)"
выходной,"freier Tag(es, -e), der Ruhetag(es, -e)"
будний день,"der Wochentag(es, -e)"
твердое вещество,"der Feststoff(es, e)"
жидкость,die Flüssigkeit(en)
раствор,die Lösung(en)
газ,"das Gas(es, e)"
вакуум,"das Vakuum(s, Vakua)"
порошок,das Pulver(s)
металл,"das Metall(s, -e)"
железо,das Eisen(s)
сплав,die Legierung(en)
сталь,"der Stahl(es, Stähle)"
чугун,das Gusseisen(s)
бронза,die Bronze(=)
медь,das Kupfer(s)
золото,das Gold(es)
серебро,das Silber(s)
свинец,das Blei(s)
олово,das Zinn(es)
алюминий,das Aluminium(s)
строительные материалы,"das Baustoff(s, -e)"
песок,der Sand(s)
камень,"der Stein(es, -e)"
известь,der Kalk(es)
глина,der Ton(es)
мел,die Kreide(n)
бетон,der Beton(s)
кирпич,der Ziegel(s)
цемент,der Zement(es)
асфальт,der Asphalt(es)
древесина,"das Holz(es, Hölzer)"
стекло,das Glas(es)
краска,die Farbe(n)
клей,"der Klebstoff(s, -e)"
резина,das (der) Gummi(s)
пластмасса,"der Kunststoff(es, -e)"
сырье,"der Rohstoff(s, -e)"
руда,"das Erz(es, -e)"
нефть,das Erdöl(s)
газ (природный),"das Erdgas(es, -e)"
бензин,das Benzin(s)
горючее,"der Kraftstoff(es, -e)"
уголь,die Kohle(=)
текстиль,die Textilien (pl)
ткань,"das Gewebe(s), der Stoff(s, -e)"
шелк,die Seide(=)
хлопок,die Baumwolle(=)
лен,"das Leinen(s), der Flachs(s)"
шерсть,die Wolle(=)
искусственное волокно,die Kunstfaser(n)
кожа,das Leder(s)
мех,"der Pelz(es, -e)"
отходы,die Abfälle (pl)
макулатура,das Altpapier(s)
пыль,der Staub(s)
грязь,"der Dreck(s), der Schmutz(es)"
мусор,"der Müll(s), der Kehricht(s)"
металлолом,das Altmetall(s)
отходы металла,der Schrott(es)
опилки,das Sägemehl(s)
стружка,"der Span(es, Späne)"
огород,"der Gemüsegarten(s, ...gärten)"
овощи,das Gemüse(s)
морковь,die Mohrrübe(n)
картофель,die Kartoffel(n)
красный перец,der Paprika(s)
капуста,der Kohl(es)
лук,die Zwiebel(n)
свекла,die Rübe(n)
редис,das Radieschen(s)
огурец,die Gurke(n)
петрушка,die Petersilie(=)
помидор,die Tomate(n)
чеснок,der Knoblauch(s)
дыня,die Melone(n)
тыква,"der Kürbis(ses, -se)"
арбуз,die Wassermelone(n)
фрукты,das Obst(es)
ягода,die Beere(n)
яблоко,"der Apfel(s, äpfel)"
груша,die Birne(n)
слива,die Pflaume(n)
абрикос,die Aprikose(n)
банан,die Banane(n)
вишня,die Kirsche(n)
персик,"der Pfirsich(es, -e)"
виноград,die Traube(n)
земляника,die Erdbeere(n)
малина,die Himbeere(n)
смородина,die Johannisbeere(n)
крыжовник,die Stachelbeere(n)
лимон,die Zitrone(n)
апельсин,die Apfelsine(n)
мандарин,die Mandarine(n)
грейпфрут,die Pampelmuse(n)
сад,"der Garten(s, Gärten)"
плод,die Frucht(Früchte)
зерно,"das Korn(es, Körner)"
"злаки, зерновые культуры",das Getreide(s)
пшеница,der Weizen(s)
рожь,der Roggen(s)
рис,der Reis(es)
овес,der Hafer(s)
просо,die Hirse(=)
гречиха,der Buchweizen(s)
кукуруза,der Mais(es)
ячмень,die Gerste(=)
горох,die Erbse(n)
бобы,die Bohne(n)
дерево,"der Baum(es, Bäume)"
куст,"der Busch(es, Büsche), der Strauch(es, Sträucher)"
ель,die Tanne(n)
сосна,die Kiefer(n)
береза,die Birke(n)
клен,"der Ahorn(es, -e)"
тополь,die Pappel(n)
дуб,die Eiche(n)
ива,die Weide(n)
каштан,die Kastanie(n)
акация,die Akazie(n)
ясень,die Esche(n)
рябина,die Eberesche(n)
корень,die Wurzel(n)
ствол,"die Stamm(s, Stämme)"
ветвь,"der Zweig(es, -e)"
сук,"der Ast(es, äste)"
пень,"der Stumpf(es, Stümpfe)"
лист,"das Blatt(es, Blätter)"
листва,das Laub(es)
почка,die Knospe(n)
крона,die Krone(n)
кора,die Rinde(n)
цветок,die Blume(n)
роза,die Rose(n)
лилия,die Lilie(n)
гвоздика,die Nelke(n)
гладиолус,die Gladiole(n)
астра,die Aster(n)
сирень,der Flieder(s)
георгин,die Dahlie(n)
тюльпан,die Tulpe(n)
подснежник,das Schneeglöckchen(s)
ромашка,die Kamille(n)
ландыш,das Maiglöckchen(s)
одуванчик,"der Löwenzahn(s, zähne), die Maiblume(n)"
нарцисс,die Narzisse(n)
хищное животное,"das Raubtier(es, -e), wildes Tier(es, -e)"
волк,"der Wolf(es, Wölfe)"
лиса,"der Fuchs(es, Füchse)"
медведь,der Bär(en)
тигр,der Tiger(s)
лев,der Löwe(n)
слон,der Elefant(en)
обезьяна,der Affe(n)
мартышка,die Meerkatze(n)
верблюд,"das Kamel(s, -e)"
кролик,das Kaninchen(s)
заяц,der Hase(n)
самец,das Männchen(s)
самка,das Weibchen(s)
домашнее животное,"das Haustier(es, -e)"
корова,die Kuh (Kühe)
бык,"der Stier(es, -e), der Bulle(n)"
лошадь,"das Pferd(es, -e)"
жеребец,"der Hengst(es, -e)"
кобыла,die Stute(n)
коза,die Ziege(n)
козел,"der Ziegenbock(es, ..böcke)"
овца,"das Schaf(es, -e)"
баран,der Hammel(s)
осел,der Esel(s)
мул,"das Maultier(es, -e)"
свинья,"das Schwein(es, -e)"
кошка,die Katze(n)
собака,"der Hund (es, -e)"
теленок,"das Kalb(es, Kälber)"
ягненок,"das Lamm(es, Lämmer)"
жеребенок,"das Fohlen(s), das Füllen(s)"
поросенок,das Ferkel(s)
котенок,das Kätzchen(s)
щенок,das Hündchen(s)
мышь,die Maus(Mäuse)
крыса,die Ratte(n)
птица,"der Vogel(s, Vögel)"
домашняя птица,das Geflügel(s)
курица,"das Huhn(es, Hühner), die Henne(n)"
петух,"der Hahn(es, Hähne)"
цыпленок,das Küken(s)
гусь,die Gans(Gänse)
гусак,"der Gänserich(es, -e)"
гусенок,das Gänslein(s)
утка,die Ente(n)
утенок,das Entlein(s)
селезень,"der Enterich(s, -e)"
индюк,"der Truthahn(es, hähne)"
дикая птица,"der Wildvogel(s, ...vögel)"
ворона,die Krähe(n)
попугай,der Papagei(en)
воробей,"der Sperling(s, -e)"
сорока,die Elster(n)
лебедь,"der Schwan(es, Schwäne)"
журавль,"der Kranich(es, -e)"
аист,"der Storch(es, Störche)"
орел,der Adler(s)
соловей,die Nachtigall(en)
ястреб,"der Habicht(es, -e)"
птенец,"junger Vogel(s, Vögel)"
рыба,"der Fisch(es, -e)"
сельдь,"der Hering(s, -e)"
треска,"der Kabeljau(s, -e)"
карась,die Karausche(n)
карп,der Karpfen(s)
лосось,"der Lachs(es, -e), der Salm(es, -e)"
осетр,"der Stör(es, -e)"
камбала,"der Butt(es, -e), die Scholle(n)"
сом,"der Wels(es, -e)"
акула,"der Haifisch(es, -e)"
щука,"der Hecht(es, -e)"
икра,"der Laich(es, -e), das Kaviar(s, -e)"
малек (рыбы),"junger Fisch(es, -e)"
насекомое,"das Insekt(es, -en)"
муха,die Fliege(n)
пчела,die Biene(n)
оса,die Wespe(n)
бабочка,"der Schmetterling(s, -e)"
гусеница,die Raupe(n)
стрекоза,die Libelle(n)
муравей,die Ameise(n)
паук,die Spinne(n)
таракан,die Schabe(n)
клоп,die Wanze(n)
вошь,die Lause(Läuse)
кузнечик,der Grashüpfer(s)
сверчок,die Grille(n)
жук,der Käfer(s)
овод,die Bremse(n)
пресмыкающиеся,die Reptilien(pl)
лягушка,"der Frosch(es, Frösche)"
жаба,die Kröte(n)
крот,der Maulwurf
змея,die Schlange(n)
гадюка,die Otter(n)
уж,die Natter(n)
черепаха,die Schildkröte(n)
ящерица,die Eidechse(n)
крокодил,"das Krokodil(s, -e)"
пол,"das Geschlecht(es, -er)"
мужчина,"der Mann(es, Männer)"
женщина,die Frau(en)
мальчик,der Junge(n)
девочка,das Mädchen(s)
старик,der Alte(n)
старуха,"die Alte(n), die alte Frau"
возраст,das Alter(s)
детство,die Kindheit
юность,die Jugend
зрелый возраст,reifes Alter(s)
старость,das Greisenalter(s)
младенец,"das Kleinkind(es, -er), der Säugling(s, -e)"
ребенок,"das Kind(es, -er)"
подросток,der (die) Jugendliche(n)
молодежь,"die Jugendlichen, die Jugend"
день рождения,"der Geburtstag(es, -e)"
имя,"der Name(ns, n)"
отчество,"der Vatersname(ns, n)"
фамилия,"der Familienname(ns, -n)"
господин,Herr(en)
госпожа,"Frau(en, =)"
господа,meine Herrschaften (pl)
паспорт,"der Pass(es, Pässe)"
визитная карточка,die Visitenkarte(n)
"человек, личность","die Person(en), die Persönlichkeit(en)"
происхождение,"die Herkunft(=), die Abstammung(=)"
национальность,die Nationalität(en)
биография,"die Biographie(n), der Lebenslauf(es, ..läufe)"
вес,"das Gewicht(es, -e)"
фигура,die Figur(en)
"рост, телосложение",die Statur(en)
кость,der Knochen(s)
мышца,"der Muskel(s, -n)"
нерв,"der Nerv(s, -en)"
кожа,"die Haut(=, Häute)"
волос,"das Haar(es, -e)"
хрящ,der Knorpel(s)
кровь,das Blut(es)
артерия,die Arterie(n)
вена,"die Vene(n), die Blutader(n)"
кровеносный сосуд,"das Blutgefäß(es, -e)"
тело,der Körper(s)
голова,"der Kopf(es, Köpfe)"
шея,"der Hals(es, Hälse)"
грудь,"die Brust(=, Brüste)"
спина,der Rücken(s)
живот ,"der Bauch(es, Bäuche)"
талия,"die Taille(=, -n)"
нога,"das Bein(es, -e)"
нога,"das Bein(es, -e)"
ступня,"der Fuß(es, Füße)"
палец ноги,die Zehe(n)
колено,"das Knie(s, -n)"
пятка,die Ferse(n)
бедро,"die Hüfte(n), der Schenkel(s)"
рука (от кисти до плеча),"der Arm(es, -e)"
рука (кисть),"die Hand (=, Hände)"
палец руки,der Finger(s)
локоть,"der Ellenbogen(s, ..bögen)"
ноготь,"der Nagel(s, Nägel)"
голова,"der Kopf(es, Köpfe)"
глаз,"das Auge(es, -en)"
глазное яблоко,"der Augenapfel (s, ..äpfel)"
бровь,die Braue(n)
ресница,die Wimper(n)
веко,"das Augenlid(es, -er)"
ухо,"das Ohr(es, -en)"
мочка уха,das Ohrläppchen(s)
рот,"der Mund(es, Münder)"
губа,die Lippe(n)
зуб,"der Zahn(es, Zähne)"
язык,die Zunge(n)
лицо,"das Gesicht(es, -er)"
нос,die Nase(n)
череп,der Schädel(s)
подбородок,"das Kinn(es, -e)"
челюсть,der Kiefer(s)
лоб,die Stirn(en)
щека,die Wange(n)
висок,die Schläfe(n)
затылок,der Nacken(s)
мозг,"das Gehirn(es, -e)"
легкие,die Lungen
сердце,"das Herz(ens, -en)"
желудок,"der Magen(s, Mägen)"
кишечник,"der Darm(es, Därme)"
печень,die Leber(n)
почка,die Niere(n)
аппендикс,"der Blinddarm(es, ..därme)"
мочевой пузырь,die Harnblase(n)
отец,"der Vater(s, Väter)"
мать,"die Mutter(=, Mütter)"
сестра,die Schwester(n)
брат,"die Bruder(s, Brüder)"
бабушка,"die Großmutter(=, ..mütter)"
дедушка,"der Großvater(s, ..väter)"
сын,"der Sohn(es, Söhne)"
дочь,"die Tochter(=, Töchter)"
муж,"der Mann(es, Männer)"
жена,die Frau
зять,"der Schwiegersohn(s, ..söhne)"
невестка,"die Schwiegertochter(=, töchter)"
свекор/тест,"der Schwiegervater(s, väter)"
свекровь/теща,"die Schwiegermutter(=, mütter)"
свадьба,die Hochzeit(en)
развод,die Scheidung(en)
родители,die Eltern
родные,die Verwandten
предок,"der Ahn(es, -en)"
дядя,der Onkel(s)
тетя,die Tante(n)
племянник,der Neffe(n)
племянница,"die Nichte(=, n)"
двоюродный брат,"der Vetter(s, -n)"
двоюродная сестра,"die Kusine(n), Cousine(=, -n)"
друг,"der Freund(es, -e)"
коллега,der Kollege(n)
работодатель,der Arbeitsgeber(s)
наемный служащий,der Arbeitsnehmer(s)
хозяин,"der Besitzer(s), der Gastgeber(s)"
хозяйка,"die Besitzerin(nen), die Gastgeberin(nen)"
вдова,die Witwe(n)
вдовец,der Witwer(s)
дом,"das Haus(es, Häuser)"
здание,das Gebäude(s)
квартира,die Wohnung(en)
этаж,"das Stockwerk(es, -e), die Etage (n)"
двор,"der Hof(es, Höfe)"
ворота,"das Tor(es, -e)"
забор,"der Zaun(es, Zäune)"
адрес,die Adresse(n)
улица,die Straße(n)
площадь,"der Platz(es, Plätze)"
крыша,"das Dach(es, Dächer)"
труба,"der Schornstein(es, -e)"
стена,"die Wand(Wände), die Mauer(n)"
пол,"der Boden(s, Böden)"
потолок,die Decke(n)
окно,das Fenster(s)
угол,die Ecke(n)
лестница,die Treppe(n)
лестничная площадка,"der Treppenabsatz(es, ..absätze)"
лифт,"der Fahrstuhl(es, ..stühle)"
дверь,die Tür(en)
звонок,die Klingel(n)
замок,"das Schloss(es, Schlösser)"
ключ,der Schlüssel(s)
удобство,die Bequemlichkeit(en)
водопровод,die Wasserleitung
кран водопроводный,"der Hahn(es, Hähne)"
свет,"das Licht(es, -er)"
выключатель,der Schalter(s)
центральное отопление,die Zentralheizung
кондиционер,die Klimaanlage(n)
электричество,die Elektrizität
комната,das Zimmer(s)
кухня,die Küche(n)
ванная комната,das Badezimmer(s)
туалет,die Toilette(n)
коридор,"der Korridor(s, -e)"
гостиная,das Gastzimmer(s)
прихожая,"die Diele(n), der Vorraum(es, räume)"
спальня,das Schlafzimmer(s)
столовая,das Esszimmer(s)
кабинет,das Arbeitszimmer(s)
жилая площадь,die Wohnfläche(n)
детская комната,die Kinderstube(n)
мебель,das Möbel(s)
стол,"der Tisch(es, -e)"
стул,"der Stuhl(es, Stühle)"
кресло,der Sessel(s)
кровать,"das Bett(es, -en)"
диван,das Sofa(s)
платяной шкаф,"der Kleiderschrank(es, ..schränke)"
посудный шкаф,"der Geschirrschrank(es, -schränke)"
книжный шкаф,"der Bücherschrank(es, ..schränke)"
ковер,"der Teppich(s, -e)"
зеркало,der Spiegel(s)
картина,"das Gemälde(s), das Bild(er)"
штора,"der Vorhang(es, ..hänge)"
занавеска,die Gardine(n)
гардероб,die Garderobe(n)
постельное белье,die Bettwäsche
простыня,"das Betttuch(es, ..tücher), das Leinen(s)"
наволочка,"das Kissenüberzug(s, ..züge)"
одеяло,die Decke(n)
стеганое одеяло,die Steppdecke(n)
подушка,das Kissen(s)
матрас,die Matratze(n)
покрывало,die Bettdecke(n)
емкость(сосуд),der Behälter(s)
сумка,die Tasche(n)
чемодан,der Koffer(s)
бочка,"die Tonne(n), das Fass(es, Fässer)"
ящик,"die Kiste(n), der Kasten(s, Kästen)"
корзина,"der Korb(es, Körbe)"
мешок,"der Sack(s, Säcke)"
коробка,die Schachtel(n)
рюкзак,"der Rucksack(s, ..säcke)"
сосуд,"das Gefäß(es, -e)"
ведро,der Eimer(s)
ваза,die Vase(n)
канистра,der Kanister(s)
жестяная банка,die Büchse(n)
кувшин,"die Kanne(n), der Krug(es, Krüge)"
пепельница,der Aschenbecher(s)
утюг,das Bügeleisen(s)
пылесос,der Staubsauger(s)
холодильник,"der Kühlschrank(es, ..schränke)"
магнитофон,"das Tonbandgerät(es, e)"
телевизор,der Fernseher(s)
видеомагнитофон,"das Videogerät(es, -e)"
стереоустановка,die Stereoanlage(n)
стиральная машина,die Waschmaschine(n)
швейная машина,die Nähmaschine(n)
миксер,der Mixer(s)
плита(печь),"der Herd(es, -e)"
"веник, метла",der Besen(s)
розетка,die Steckdose(n)
мясорубка,"der Wolf(es, Wölfe)"
нитка,"der Faden(s, Fäden)"
иголка,die Nadel(n)
ножницы,die Schere(n)
веревка,"der Strick(es, -e)"
принтер,der Drucker
пальто,"der Mantel(s, Mäntel)"
плащ,"der Regenmantel(s, ..mäntel)"
шуба,"der Pelzmantel(s, ..mäntel)"
теплая куртка,der Anorak(s)
мужская одежда,der Herrenkleidung
женская одежда,die Damenkleidung
детская одежда,die Kinderkleidung
рабочая одежда,die Arbeitskleidung
куртка,die Jacke(n)
повседневная одежда,die Alltagskleidung
костюм,"der Anzug(s, ..züge)"
"жакет, пиджак","der Rock(es, Röcke)"
жилет,die Weste(n)
рубашка,"das Hemd(es, -en)"
брюки,die Hose(n)
джинсы,die Jeans(pl)
"одежда, платье","das Kleid(es, -er)"
блуза,die Bluse(n)
юбка,"der Rock(es, Röcke)"
белье,"die Wäsche(n), die Unterwäche(n)"
бюстгалтер,die Büstenhalter(s)
трусы,"die Unterhose(n), die Turnhose(n)"
халат,"der Schlafrock(s, ..röcke)"
пижама,"der Schlafanzug(s, ..züge)"
носок,die Socke(n)
чулок,"der Strumpf(s, Strümpfe)"
колготки,die Strumpfhose(n)
обувь,die Schuhe
"ботинок, туфля","der Schuh(es, -e)"
сапог,der Stiefel(s)
босоножки,die Sandaletten
шлепанцы,die Pantoffeln
кроссовки,die Sportschuhe
теннисные туфли,die Tennisschuhe
шнурок,der Schnürsenkel(s)
крем для обуви,die Schuhcreme
щетка,die Bürste(n)
головной убор,die Kopfbedeckung(en)
шляпа,"der Hut(es, Hüte)"
шапка,die Mütze(n)
берет,die Baskenmütze(n)
платок (на голову),"das Kopftuch(es, ..tücher)"
шаль,"der Schal(s, -e)"
фуражка,die Schirmmütze(n)
рукав,der Ärmel(s)
воротник,der Kragen(s)
манжета,die Manschette(n)
пуговица,"der Knopf(es, Knöpfe)"
молния,"der Reißverschluss(es, ü)"
ремень,"der Riemen(s), der Gürtel(s)"
крючок,der Haken(s)
пряжка,die Schnalle(n)
галстук,"die Krawatte(n), der Schlips(es, -e)"
обувь,die Schuhe
галстук-бабочка,die Fliege(n)
шарф,"das Halstuch(es, ..tücher)"
перчатки,die Handschuhe (pl)
зонтик,"der Regenschirm(es, e)"
носовой платок,"das Taschentuch(es, ..tücher)"
очки,die Brille(n)
дамская сумка,die Handtasche(n)
кошелек,die Geldbörse(n)
"прием пищи, питание",die Mahlzeit(en)
завтрак,"das Frühstück(es, -e)"
обед,das Mittagessen(s)
чай,der Tee(s)
ужин,"das Abendbrot(s, -e)"
вкус,"das Geschmack(s, Geschmäcke)"
аппетит,"der Appetit(s, -e)"
пищеварение,die Verdauung(=)
первое блюдо,"der erste Gang(es, Gänge)"
второе блюдо,"der zweite Gang(es, Gänge)"
десерт,"der Nachtisch(es, -e)"
суп,die Suppe(n)
гарнир,die Beilage(n)
каша,"der Brei(es, -e)"
лапша,die Nudel(n)
макароны,die Makkaroni(pl)
жареный картофель,die Bratkartoffeln(pl)
картофельное пюре,"der Kartoffelbrei(es, -e)"
вареное яйцо,"das gekochte Ei(es, -er)"
яичница,"das Spiegelei(s, -er)"
котлета,das Kotelett(s)
бифштекс,das Beefsteak(s)
мясо,das Fleisch(es)
говядина,das Rindfleisch(es)
свинина,das Schweinefleisch(es)
баранина,das Hammelfleisch(es)
телятина,das Kalbfleisch(es)
птица,das Geflügel(s)
рыба,der Fisch(es)
закуска,die Vorspeise(n)
салат,"der Salat(es, -e)"